name,type,twitter,category,primary_url,notes,last_seen,confidence,layer,job_one_liner,summary,about,status,related,risks,sources
Robinhood Crypto,official,@RobinhoodCrypto,official,https://robinhood.com/us/en/chain/,Official chain + crypto product surface,2026-07-16,high,official,Official product & chain surface,Official product surface for Robinhood Chain — the public face of the L2 and onchain crypto products.,"Robinhood Chain is pitched as a permissionless Layer 2 for financial services and real-world assets, developed on Arbitrum infrastructure.|The brokerage app and the chain are different products: app = accounts, KYC, eligibility; chain = rails anyone can (in principle) deploy on.|Use official pages and docs as primary sources before secondary CT maps.",official,"Robinhood Wallet,Robinhood Earn,Stock Tokens (official),Robinhood Chain Docs",Official narrative ≠ security review of every third-party app on the chain.,https://robinhood.com/us/en/chain/|Chain page;https://docs.robinhood.com/chain/|Docs
Robinhood Chain Docs,official,,docs,https://docs.robinhood.com/chain/,Developer docs for the L2,2026-07-16,high,official,Primary builder documentation,Primary developer documentation for building on Robinhood Chain.,"Start here for network parameters, tooling, and builder-facing claims.|Prefer docs over CT threads when the two disagree.",official,"Robinhood Crypto,Arbitrum,Alchemy,QuickNode",Docs lag product launches; always check last-updated dates.,https://docs.robinhood.com/chain/|Docs
Robinhood Wallet,official,@RobinhoodCrypto,wallet,https://robinhood.com/us/en/chain/,Self-custody wallet surface; trending tokens; Pay checkout claims,2026-07-16,high,official,Wallet UX into RH Chain,"Self-custody wallet surface that points users at Robinhood Chain activity (swaps, trending, checkout UX).","Wallet features (trending tokens, Apple/Google Pay checkout narratives, fee/gas promos) are product UX on top of the chain.|Time-box every promo claim — gas waivers and fee holidays expire.|Wallet inclusion of a token is not an endorsement of safety or liquidity.",official,"Robinhood Crypto,Uniswap,1inch,Trust Wallet",Promo windows and trending lists change; verify terms and dates.,https://robinhood.com/us/en/chain/|Chain page
Robinhood Earn,official,@RobinhoodCrypto,lending,https://robinhood.com/us/en/crypto/earn/,USDG lending via Morpho; ~7% APY narrative; insurance claims in newsroom,2026-07-16,high,official,App-facing USDG lend product,App-facing USDG lending product; underlying rails cited as Morpho with partner stack support.,"Earn lets eligible users lend dollar-backed USDG via a self-custody path, with an official ~7% APY narrative and insurance claims in newsroom copy.|Infrastructure is powered by Morpho; partners named in launch narrative include Steakhouse, Ethena, Spark, and Maple.|This is an app product experience sitting on chain lending rails — not a guarantee of yield.",official,"Morpho,USDG / Paxos,Spark,Ethena,Steakhouse,Maple",Yield is variable; eligibility and insurance terms are jurisdiction- and product-specific. NFA.,https://robinhood.com/us/en/crypto/earn/|Earn;https://robinhood.com/us/en/newsroom/robinhood-accelerates-global-expansion-robinhood-chain-mainnet-stock-tokens-agentic-trading/|Newsroom
Stock Tokens (official),official,@RobinhoodCrypto,rwa,https://robinhood.com/rhj/stocktokens,Tokenized equities product; jurisdiction-restricted (not US),2026-07-16,high,official,Official RWA / equity tokens,"Official tokenized equities product on Robinhood Chain — the RWA thesis surface, not a memecoin market.","Stock Tokens are pitched as tokenized exposure to named equities/ETFs for eligible users outside restricted jurisdictions.|Official pages note they are not available in the US and are subject to restrictions elsewhere.|Listed onchain does not mean deep two-sided liquidity — listed ≠ liquid.|Use for product/mechanism understanding, not price targets.",official,"Robinhood Crypto,Uniswap,Rialto,USDG / Paxos,Chainlink",Jurisdiction limits; brochure listings can fail at size; not direct share ownership in all legal senses — read official terms.,https://robinhood.com/rhj/stocktokens|Stock Tokens
Vlad Tenev,official,@vladtenev,official,,CEO; builder embed stock-token calls,2026-07-16,high,official,Company leadership signal,CEO / co-founder signal account for product direction (e.g. builder calls to embed stock tokens).,"Useful as Tier-0 primary signal for strategy, not as a protocol docs substitute.|Landscape role: Company leadership signal. Official Robinhood product or leadership surface for the chain.|Hoodscape is orientation only — verify primary docs, contracts, and eligibility before interacting. NFA.",official,"Robinhood Crypto,Stock Tokens (official),Robinhood Wallet",Social posts are not legal or product documentation.,
USDG / Paxos,defi,,stablecoin,,Dollar-backed stable narrative; dominant stables mcap on chain,2026-07-16,high,defi,Settlement / Earn stable base,Dollar-backed stable narrative on Robinhood Chain; dominant share of stables mcap in early metrics.,"USDG is central to Earn and settlement stories on RH Chain.|Stable dominance on a young chain can reflect product design and incentives, not permanent equilibrium.|Always separate stable float from DEX meme volume when reading landscape metrics.",live,"Robinhood Earn,Morpho,Spark","Issuer, attestation, and redeemability details belong in primary issuer docs.",
Arbitrum,infra,@arbitrum,infra,https://docs.arbitrum.io/,Orbit stack parent for RH Chain,2026-07-16,high,infra,L2 stack / Orbit platform,Orbit / L2 stack parent for Robinhood Chain — security and architecture context.,"RH Chain is developed on Arbitrum’s Layer 2 infrastructure with high-throughput / ~100ms block claims in official copy.|“Built on Arbitrum” is a stack claim, not a full safety sticker for every app, bridge, or sequencer operational choice.|Read Orbit/L2 docs for inheritance model, then map residual risks separately.",day-1 partner,"Robinhood Crypto,Robinhood Chain Docs",Stack inheritance ≠ app-level bridge/ops risk.,https://docs.arbitrum.io/|Arbitrum docs
Chainlink,infra,@chainlink,oracle,,Day-1 oracle / CCIP partner (testnet+narrative),2026-07-16,high,infra,Oracles & cross-chain messaging,Oracle and cross-chain messaging partner cited in day-1 / testnet ecosystem narratives.,"Oracles and CCIP-class messaging are load-bearing for tokenized asset products and cross-domain flows.|Presence as a partner is infrastructure context, not proof that every RH app uses Chainlink correctly.",day-1 partner,"Stock Tokens (official),Robinhood Crypto,LayerZero",Wrong feed configuration is an app risk even when the oracle network is reputable.,
Alchemy,infra,@Alchemy,rpc,,Day-1 infra / RPC partner,2026-07-16,high,infra,RPC & developer infra,RPC / developer infrastructure partner for builders on Robinhood Chain.,"Node and API infra makes the chain usable for apps; it is not a protocol risk model by itself.|Landscape role: RPC & developer infra. Infrastructure that helps builders and users access Robinhood Chain (RPC, oracles, bridges, compliance, security).|Hoodscape is orientation only — verify primary docs, contracts, and eligibility before interacting. NFA.",day-1 partner,"QuickNode,Robinhood Chain Docs,Arbitrum","Infra outages affect UX, not consensus guarantees.",
LayerZero,infra,@LayerZero_Core,bridge,,Cross-chain messaging partner,2026-07-16,high,infra,Omnichain messaging,Omnichain messaging / bridge-layer partner cited for moving messages and assets across chains.,Cross-chain messaging expands product surface and attack surface at the same time.|Treat bridge and messaging paths as first-class risk when reading “ecosystem maps.”,day-1 partner,"Symbiosis,Chainlink,Robinhood Crypto",Messaging ≠ removing bridge or solver risk.,
TRM Labs,infra,@trmlabs,compliance,,Compliance / screening partner (testnet era),2026-07-16,high,infra,Onchain risk & compliance,Compliance / screening partner referenced in testnet and ecosystem narratives.,TRM-class tools support investigations and risk screening for institutions and platforms.|Presence signals compliance stack ambitions for a corporate L2.|Not a consumer trading app.,live,"Chainalysis,Blockaid,Fireblocks",Compliance tooling ≠ user-level scam protection for every wallet action.,
BitGo,infra,@BitGo,custody,,Custody partner cited in ecosystem coverage,2026-07-16,medium,infra,Institutional custody rails,Custody partner cited in broader RH Chain institutional coverage.,Custody rails matter for institutions bridging into onchain products.|Different from self-custody Wallet UX for retail.|Confirm product scope before assuming BitGo secures your personal keys.,live,"Fireblocks,Robinhood Wallet,Robinhood Crypto",Third-party custody terms and operational risk.,
Privy,infra,@privy_io,wallet_infra,,Wallet/auth infra cited in eco maps,2026-07-16,medium,infra,Embedded wallet / auth,Embedded wallet / auth infrastructure cited in eco maps for RH builders.,"Privy-style infra helps apps ship login and wallet UX without full custom key management.|Builder dependency, not an end-user yield product.",live,"Alchemy,QuickNode,Robinhood Chain Docs",App integration quality varies; review the app that embeds it.,
QuickNode,infra,@QuickNode,rpc,,RPC/node infra cited in eco maps,2026-07-16,medium,infra,Node & API infra,Node / RPC API infra for developers building on Robinhood Chain.,"Reliable RPC is table stakes for wallets and dapps.|Outages affect UX, not L2 consensus guarantees.",live,"Alchemy,Robinhood Chain Docs,Arbitrum",Provider availability risk for apps that hard-depend on one endpoint.,
Blockscout,infra,@blockscout,explorer,,Block explorer for the chain,2026-07-16,medium,infra,Chain explorer,Block explorer surface for inspecting RH Chain transactions and contracts.,"Explorers are primary tools for verification — contracts, txs, token holders.|Bookmark an explorer when researching any CA on RH.",live,"Robinhood Chain Docs,Alchemy",UI phishing clones exist industry-wide — verify URL.,
Allium,infra,@AlliumLabs,data,,Data infra partner (testnet announcement),2026-07-16,medium,infra,Onchain data infra,Onchain data infra,"Data infra partner (testnet announcement)|Landscape role: Onchain data infra. Infrastructure that helps builders and users access Robinhood Chain (RPC, oracles, bridges, compliance, security).|Hoodscape is orientation only — verify primary docs, contracts, and eligibility before interacting. NFA.",live,"Arbitrum,Chainlink,Alchemy",Infra presence improves UX; it does not remove protocol or bridge risk for end users.,
Fireblocks,infra,@FireblocksHQ,custody,,Institutional controls cited in eco maps,2026-07-16,low,infra,Institutional wallet infra,Institutional wallet infra,"Institutional controls cited in eco maps|Landscape role: Institutional wallet infra. Infrastructure that helps builders and users access Robinhood Chain (RPC, oracles, bridges, compliance, security).|Hoodscape is orientation only — verify primary docs, contracts, and eligibility before interacting. NFA.",live,"Arbitrum,Chainlink,Alchemy",Infra presence improves UX; it does not remove protocol or bridge risk for end users.,
Chainalysis,infra,@chainalysis,compliance,,Compliance tooling cited in eco maps,2026-07-16,low,infra,Compliance analytics,Compliance analytics,"Compliance tooling cited in eco maps|Landscape role: Compliance analytics. Infrastructure that helps builders and users access Robinhood Chain (RPC, oracles, bridges, compliance, security).|Hoodscape is orientation only — verify primary docs, contracts, and eligibility before interacting. NFA.",live,"Arbitrum,Chainlink,Alchemy",Infra presence improves UX; it does not remove protocol or bridge risk for end users.,
Blockaid,infra,@blockaid_,security,,Day-1 security partner; free builder tier claim,2026-07-16,high,infra,Scam/threat detection,Security / threat-detection partner with day-1 RH Chain narrative and builder tooling access claims.,"Useful as ecosystem security infrastructure — not a substitute for user diligence or audits of individual apps.|Landscape role: Scam/threat detection. Infrastructure that helps builders and users access Robinhood Chain (RPC, oracles, bridges, compliance, security).|Hoodscape is orientation only — verify primary docs, contracts, and eligibility before interacting. NFA.",day-1 partner,"Robinhood Wallet,Uniswap,Arbitrum",Detection tools reduce some scam surface; they do not eliminate protocol risk.,
Trust Wallet,infra,@TrustWallet,wallet,,Third-party wallet with RH Chain swap promo windows,2026-07-16,medium,infra,Self-custody access path,Third-party self-custody wallet with RH Chain swap promo windows.,Alternative access path to the chain outside Robinhood Wallet.|Promo fee periods are time-boxed — date every claim.,live,"Robinhood Wallet,Uniswap",Third-party wallet security model is independent of RH.,
Uniswap,defi,@Uniswap,dex,https://uniswap.org/,V2/V3/V4 (+ UniswapX narrative) primary public AMM,2026-07-16,high,defi,Public AMM liquidity layer,Primary public AMM on Robinhood Chain (v2/v3/v4 narrative) — main open liquidity venue by volume/TVL.,Uniswap deployed as the day-1 public liquidity layer for the chain’s open AMM job.|Early RH volume spikes on Uniswap can be meme- and incentive-heavy; separate that from stock-token depth.|Public AMM depth is a different liquidity job than prop venues (Rialto/Pleiades).,day-1 partner,"Rialto,Pleiades,1inch,0x,Stock Tokens (official)",Pool liquidity and fee tiers vary wildly by pair; volume ≠ sustainable fees for LPs.,https://uniswap.org/|Uniswap
Rialto,defi,@rialto_xyz,prop_amm,,Prop AMM / spot venue; newsroom day-1 trading list,2026-07-16,high,defi,Prop / specialized spot venue,Prop / specialized spot venue named in official day-1 trading lists alongside Uniswap.,Newsroom and ecosystem copy place Rialto in the onchain spot path for crypto and tokenized assets.|Prop AMM / specialized venues solve a different job than public Uniswap pools — inventory and pricing can differ.|Worth separating public AMM vs prop venue when analyzing “liquidity on RH.”,day-1 partner,"Uniswap,Pleiades,Arcus,Stock Tokens (official)",Venue design and access may differ from permissionless public AMM UX.,
Pleiades,defi,,prop_amm,,Proprietary AMM / prop trading venue (newsroom day-1),2026-07-16,high,defi,Prop trading venue (day-1),Proprietary AMM / prop trading venue called out as a day-1 partner in mainnet narrative.,Positioned as the prop side of the day-1 liquidity story vs Uniswap’s public AMM.|Corporate chain launches often ship both open and controlled liquidity jobs — do not merge them into one “DEX blob.”,day-1 partner,"Uniswap,Rialto,Robinhood Crypto",Less public surface than Uniswap; verify access and assumptions before comparing volume.,
1inch,defi,@1inch,aggregator,https://1inch.io/,Router / aggregator in wallet trading narrative,2026-07-16,high,defi,DEX aggregation / routing,DEX aggregator / router in wallet trading narratives for RH Chain.,Aggregation improves UX by stitching routes; it packages path risk rather than deleting it.|Native single-venue swaps can still be cleaner when liquidity is already where you need it.,day-1 partner,"Uniswap,0x,Robinhood Wallet",Route quality and allowance surfaces still require user caution.,https://1inch.io/|1inch
0x,defi,@0xProject,aggregator,https://0x.org/,Aggregator volume visible on Llama DEX overview,2026-07-16,high,defi,Swap infrastructure / aggregation,Swap infrastructure / aggregation layer with volume visible on RH DEX overviews.,"Infrastructure for filling swaps across sources — part of the routing stack, not a destination “app brand” for end users.|Landscape role: Swap infrastructure / aggregation. Onchain financial application or venue on Robinhood Chain.|Hoodscape is orientation only — verify primary docs, contracts, and eligibility before interacting. NFA.",live,"1inch,Uniswap,Morpho","As with any router, verify allowances and counterparties.",https://0x.org/|0x
Morpho,defi,@Morpho,lending,https://morpho.org/,Largest RH TVL; powers Robinhood Earn rails,2026-07-16,high,defi,Lending backbone for Earn,Lending backbone on RH Chain; largest TVL slice and rails behind Robinhood Earn narrative.,"Morpho Blue-class markets dominate early DeFi TVL on the chain.|Earn funnels attention to USDG lending, but Morpho also represents general onchain credit infrastructure.|Read markets, oracles, and curator setup before treating TVL as “safe yield.”",day-1 partner,"Robinhood Earn,USDG / Paxos,Spark,Steakhouse,Ethena,Maple","Smart contract, oracle, and liquidity risks; APY is not guaranteed.",https://morpho.org/|Morpho
Spark,defi,@sparkdotfi,yield,,Spark Savings + liquidity layer on RH,2026-07-16,high,defi,Yield / savings jobs,Yield / savings style protocols on RH (Spark Savings and related liquidity layer).,"Appears in Earn-adjacent and yield job lists; complements Morpho rather than replacing it.|Landscape role: Yield / savings jobs. Onchain financial application or venue on Robinhood Chain.|Hoodscape is orientation only — verify primary docs, contracts, and eligibility before interacting. NFA.",live,"Morpho,Robinhood Earn,USDG / Paxos",Yield products can change parameters; read market docs.,
Ethena,defi,@ethena_labs,yield,,Earn stack partner (newsroom),2026-07-16,high,defi,Yield / stable strategy partner,Yield / stable strategy partner named in Robinhood Earn launch narrative.,"Part of the curator/strategy stack around USDG lending stories — verify actual deployments on RH before assuming exposure.|Landscape role: Yield / stable strategy partner. Onchain financial application or venue on Robinhood Chain.|Hoodscape is orientation only — verify primary docs, contracts, and eligibility before interacting. NFA.",day-1 partner,"Robinhood Earn,Morpho,USDG / Paxos",Strategy risk is separate from chain and Morpho market risk.,
Steakhouse,defi,@Steakhousedao,curator,,Earn / Morpho curator partner (newsroom),2026-07-16,high,defi,Vault curator partner,Vault curator partner referenced in Earn / Morpho ecosystem narrative.,"Curators shape risk parameters and market design; “partner” status is not a performance guarantee.|Landscape role: Vault curator partner. Onchain financial application or venue on Robinhood Chain.|Hoodscape is orientation only — verify primary docs, contracts, and eligibility before interacting. NFA.",day-1 partner,"Morpho,Robinhood Earn,Uniswap",Curator choices affect borrower/lender outcomes.,
Maple,defi,@maplefinance,lending,,Earn stack partner (newsroom),2026-07-16,high,defi,Credit / lending partner,Credit / lending partner named in Earn stack narrative.,"Institutional-style credit narratives differ from open Morpho markets — confirm what is actually live on RH Chain.|Landscape role: Credit / lending partner. Onchain financial application or venue on Robinhood Chain.|Hoodscape is orientation only — verify primary docs, contracts, and eligibility before interacting. NFA.",day-1 partner,"Robinhood Earn,Morpho,Uniswap",Credit products have default and liquidity risk.,
Arcus,defi,@arcus_xyz,perps,,Perps/spot; ex-dYdX team narrative; high TVL,2026-07-16,high,defi,Perps & tokenized equity trading,Perps / derivatives venue on RH Chain with material TVL in early Llama rankings.,Cited as part of the trading stack for tokenized equities and crypto; team narrative often references ex-dYdX builders.|Perps are a different risk surface than spot AMM or stock-token transfer.,live,"Lighter,Uniswap,Stock Tokens (official)","Leverage, liquidation, and oracle design — higher complexity than spot swaps.",
Lighter,defi,@Lighter_xyz,perps,,ZK perps/spot; wallet integration claims,2026-07-16,high,defi,Perps / spot venue,ZK-powered perps/spot venue with wallet integration claims on RH Chain.,"Part of the derivatives and trading surface beyond pure Uniswap spot flow.|Treat “integrated in wallet” marketing as distribution, not a risk free pass.",live,"Arcus,Robinhood Wallet",Derivatives risk + new-chain operational risk.,
Curve,defi,@CurveFinance,dex,https://curve.finance/,Stable/volatile pools on RH,2026-07-16,medium,defi,Specialized AMM,Curve-style specialized AMM presence on Robinhood Chain.,"Curve is known for efficient stable and volatile pools on other networks; on RH it appears as a smaller DEX TVL slice.|Public AMM depth here is still secondary to Uniswap in early metrics.|Useful as a diversification of pool types, not as the main volume venue.",live,"Uniswap,Morpho,USDG / Paxos",Pool risk and low early depth — check actual pair liquidity.,https://curve.finance/|Primary
PancakeSwap,defi,@PancakeSwap,dex,https://pancakeswap.finance/,AMM V2/V3 presence on RH,2026-07-16,medium,defi,Multi-chain DEX presence,Multi-chain DEX with AMM deployments registered on Robinhood Chain.,"PancakeSwap extends a familiar multi-chain DEX brand onto RH.|Early TVL/volume is modest versus Uniswap’s day-1 footprint.|Treat as alternate public swap venue, not the primary liquidity map.",live,"Uniswap,1inch,Robinhood Wallet",Cross-chain brand ≠ identical risk or liquidity on every deployment.,https://pancakeswap.finance/|Primary
SwapHood,defi,@SwapHoodFi,dex,,Native RH DEX V2/V3,2026-07-16,medium,defi,Native public DEX,Native RH DEX (V2/V3) — early local swap venue.,"SwapHood is a chain-native public AMM rather than a multi-chain bluechip deploy.|Useful for understanding native builder surface; depth may be thin versus Uniswap.|Compare fees, pools, and routing before size.",live,"Uniswap,RobinSwap,Sheriff Exchange",Early native venue — smart contract and liquidity risk.,
Sheriff Exchange,defi,@sheriffexchange,dex,,Small DEX TVL V2/V3,2026-07-16,low,defi,Native DEX,Native DEX,"Small DEX TVL V2/V3|Landscape role: Native DEX. Onchain financial application or venue on Robinhood Chain.|Hoodscape is orientation only — verify primary docs, contracts, and eligibility before interacting. NFA.",live,"Uniswap,Morpho,Arcus","Smart contract, oracle, and liquidity risks apply. NFA — verify before using.",
RobinSwap,defi,@RobinSwap_,dex,,Native DEX V2/V3 on Llama,2026-07-16,low,defi,Native DEX,Native DEX,"Native DEX V2/V3 on Llama|Landscape role: Native DEX. Onchain financial application or venue on Robinhood Chain.|Hoodscape is orientation only — verify primary docs, contracts, and eligibility before interacting. NFA.",live,"Uniswap,Morpho,Arcus","Smart contract, oracle, and liquidity risks apply. NFA — verify before using.",
Hoodit,defi,@HooditXYZ,dex,,Small native DEX,2026-07-16,low,defi,Native DEX,Native DEX,"Small native DEX|Landscape role: Native DEX. Onchain financial application or venue on Robinhood Chain.|Hoodscape is orientation only — verify primary docs, contracts, and eligibility before interacting. NFA.",live,"Uniswap,Morpho,Arcus","Smart contract, oracle, and liquidity risks apply. NFA — verify before using.",
FrothSwap,defi,@froth_meme,dex,,Small DEX on Llama,2026-07-16,low,defi,Native DEX,Native DEX,"Small DEX on Llama|Landscape role: Native DEX. Onchain financial application or venue on Robinhood Chain.|Hoodscape is orientation only — verify primary docs, contracts, and eligibility before interacting. NFA.",live,"Uniswap,Morpho,Arcus","Smart contract, oracle, and liquidity risks apply. NFA — verify before using.",
AEON Protocol,defi,,dex,,Small DEX TVL on Llama,2026-07-16,low,defi,Native DEX,Native DEX,"Small DEX TVL on Llama|Landscape role: Native DEX. Onchain financial application or venue on Robinhood Chain.|Hoodscape is orientation only — verify primary docs, contracts, and eligibility before interacting. NFA.",live,"Uniswap,Morpho,Arcus","Smart contract, oracle, and liquidity risks apply. NFA — verify before using.",
Meridian Predict,defi,@meridiandotxyz,prediction,,Prediction market on RH,2026-07-16,medium,defi,Prediction markets,Prediction markets,"Prediction market on RH|Landscape role: Prediction markets. Onchain financial application or venue on Robinhood Chain.|Hoodscape is orientation only — verify primary docs, contracts, and eligibility before interacting. NFA.",live,"Uniswap,Morpho,Arcus","Smart contract, oracle, and liquidity risks apply. NFA — verify before using.",
Hoodbets,defi,@hoodbetsxyz,prediction,,Prediction market (small TVL),2026-07-16,low,defi,Prediction markets,Prediction markets,"Prediction market (small TVL)|Landscape role: Prediction markets. Onchain financial application or venue on Robinhood Chain.|Hoodscape is orientation only — verify primary docs, contracts, and eligibility before interacting. NFA.",live,"Uniswap,Morpho,Arcus","Smart contract, oracle, and liquidity risks apply. NFA — verify before using.",
DexFi Aggregator,defi,@DexFinance,yield_aggregator,https://dexfi.com/,Yield aggregator on RH,2026-07-16,low,defi,Yield aggregation,Yield aggregation,"Yield aggregator on RH|Landscape role: Yield aggregation. Onchain financial application or venue on Robinhood Chain.|Hoodscape is orientation only — verify primary docs, contracts, and eligibility before interacting. NFA.",live,"Uniswap,Morpho,Arcus","Smart contract, oracle, and liquidity risks apply. NFA — verify before using.",https://dexfi.com/|Primary
Symbiosis,defi,@symbiosis_fi,bridge,https://symbiosis.finance,Cross-chain bridge TVL on RH,2026-07-16,medium,infra,Cross-chain bridge,Cross-chain bridge with TVL registered on RH Chain in Llama.,Bridges move assets; they concentrate historical exploit risk in crypto.|Self-custodial bridge UX ≠ riskless path.,live,"LayerZero,Robinhood Crypto",Bridge smart contract and liquidity risk.,https://symbiosis.finance|Symbiosis
Index Fi,defi,@TheIndexFi,rwa,,Programmatic stock index claims (CT),2026-07-16,low,defi,Tokenized index product,Tokenized index product,"Programmatic stock index claims (CT)|Landscape role: Tokenized index product. Onchain financial application or venue on Robinhood Chain.|Hoodscape is orientation only — verify primary docs, contracts, and eligibility before interacting. NFA.",live,"Uniswap,Morpho,Arcus","Smart contract, oracle, and liquidity risks apply. NFA — verify before using.",
Midas RWA,defi,@MidasRWA,rwa,,mGLO day-1 product claims (CT),2026-07-16,low,defi,Tokenized credit / RWA product,Tokenized credit / RWA product,"mGLO day-1 product claims (CT)|Landscape role: Tokenized credit / RWA product. Onchain financial application or venue on Robinhood Chain.|Hoodscape is orientation only — verify primary docs, contracts, and eligibility before interacting. NFA.",live,"Uniswap,Morpho,Arcus","Smart contract, oracle, and liquidity risks apply. NFA — verify before using.",
NOXA Fun,launchpad,@Noxa_Fi,launchpad,,Early dominant launchpad; Llama TVL,2026-07-16,high,launchpad,Token launch rail,Early dominant launchpad rail on RH Chain by community metrics and Llama TVL.,Launchpads explain a large share of permissionless token creation and fee print.|Useful for understanding volume composition — not for “which launch to buy.”,live,"Pons,Flap,4.fun,Uniswap",Launchpad UX can hide approval and contract risks; DYOR on contracts.,
Pons,launchpad,@ponsdotfamily,launchpad,,High deploy count narrative; approval-risk CT notes,2026-07-16,medium,launchpad,Token launch rail,High-deploy launchpad rail in the RH “launchpad war”; watch approval UX carefully.,CT tracked deploy leadership flipping among Noxa/Pons/Flap-class apps.|Community posts have flagged approval-surface concerns on related paths — treat as risk case studies and verify contracts yourself.,live,"NOXA Fun,Flap,4.fun",Unlimited approvals and multicall patterns can be dangerous; revoke unused allowances.,
Flap,launchpad,@flapdotsh,launchpad,,Launchpad war; DEX volume on Llama,2026-07-16,medium,launchpad,Token launch rail,Launchpad rail in the RH deploy race; shows meaningful DEX volume in some overviews.,"Flap competes with Noxa/Pons-class launchpads for permissionless token creation.|Launchpad volume can dominate chain fee/volume screenshots without proving RWA thesis.|Orientation: mechanisms and competition, not which pad to farm.",community,"NOXA Fun,Pons,Uniswap",Launchpad approval and contract risk; DYOR.,
4.fun,launchpad,@fourdottfun,launchpad,https://4.fun/,No creation fees / no bonding curves claim,2026-07-16,medium,launchpad,Meme launch rail,Meme launch rail with no-creation-fee / no-bonding-curve marketing claims.,4.fun positions itself as a lighter launch UX on RH Chain.|Such rails amplify attention-layer tokens quickly.|Read actual docs and contracts — marketing claims change.,community,"NOXA Fun,Pons,Flap",Meme launch risk + contract risk.,https://4.fun/|Primary
Stoxesfun,launchpad,@Stoxesfun,launchpad,,RWA-dividend launch narrative,2026-07-16,low,launchpad,Launchpad (RWA-themed),Launchpad (RWA-themed),"RWA-dividend launch narrative|Landscape role: Launchpad (RWA-themed). Permissionless token launch rail — useful for understanding deploy volume, not as investment advice.|Hoodscape is orientation only — verify primary docs, contracts, and eligibility before interacting. NFA.",community,"NOXA Fun,Pons,Flap",Launch rails concentrate contract and approval risk; verify before interacting.,
hood.fun,launchpad,@hooddotfun,launchpad,,Deploy rankings (CT),2026-07-16,low,launchpad,Token launch rail,Token launch rail,"Deploy rankings (CT)|Landscape role: Token launch rail. Permissionless token launch rail — useful for understanding deploy volume, not as investment advice.|Hoodscape is orientation only — verify primary docs, contracts, and eligibility before interacting. NFA.",community,"NOXA Fun,Pons,Flap",Launch rails concentrate contract and approval risk; verify before interacting.,
Sentry,launchpad,@sentrylauncher,launchpad,,Launchpad on Llama,2026-07-16,low,launchpad,Token launch rail,Token launch rail,"Launchpad on Llama|Landscape role: Token launch rail. Permissionless token launch rail — useful for understanding deploy volume, not as investment advice.|Hoodscape is orientation only — verify primary docs, contracts, and eligibility before interacting. NFA.",community,"NOXA Fun,Pons,Flap",Launch rails concentrate contract and approval risk; verify before interacting.,
RobinFun,launchpad,@robinfunxyz,launchpad,,Launchpad on Llama,2026-07-16,low,launchpad,Token launch rail,Token launch rail,"Launchpad on Llama|Landscape role: Token launch rail. Permissionless token launch rail — useful for understanding deploy volume, not as investment advice.|Hoodscape is orientation only — verify primary docs, contracts, and eligibility before interacting. NFA.",community,"NOXA Fun,Pons,Flap",Launch rails concentrate contract and approval risk; verify before interacting.,
Doppler,launchpad,@dopplerprotocol,launchpad,,Prior week launchpad ranking (CT),2026-07-16,low,launchpad,Launch tooling,Launch tooling,"Prior week launchpad ranking (CT)|Landscape role: Launch tooling. Permissionless token launch rail — useful for understanding deploy volume, not as investment advice.|Hoodscape is orientation only — verify primary docs, contracts, and eligibility before interacting. NFA.",community,"NOXA Fun,Pons,Flap",Launch rails concentrate contract and approval risk; verify before interacting.,
Bankr,launchpad,@bankrbot,launchpad,,Agent launch tooling (CT),2026-07-16,low,launchpad,Agent-assisted launches,Agent-assisted launches,"Agent launch tooling (CT)|Landscape role: Agent-assisted launches. Permissionless token launch rail — useful for understanding deploy volume, not as investment advice.|Hoodscape is orientation only — verify primary docs, contracts, and eligibility before interacting. NFA.",community,"NOXA Fun,Pons,Flap",Launch rails concentrate contract and approval risk; verify before interacting.,
Based Alpha,launchpad,@BasedOneX,launchpad,https://alpha.based.one,Small launchpad TVL,2026-07-16,low,launchpad,Token launch rail,Token launch rail,"Small launchpad TVL|Landscape role: Token launch rail. Permissionless token launch rail — useful for understanding deploy volume, not as investment advice.|Hoodscape is orientation only — verify primary docs, contracts, and eligibility before interacting. NFA.",community,"NOXA Fun,Pons,Flap",Launch rails concentrate contract and approval risk; verify before interacting.,https://alpha.based.one|Primary
ymym.meme,launchpad,@ymym_hood,launchpad,,Small launchpad on Llama,2026-07-16,low,launchpad,Token launch rail,Token launch rail,"Small launchpad on Llama|Landscape role: Token launch rail. Permissionless token launch rail — useful for understanding deploy volume, not as investment advice.|Hoodscape is orientation only — verify primary docs, contracts, and eligibility before interacting. NFA.",community,"NOXA Fun,Pons,Flap",Launch rails concentrate contract and approval risk; verify before interacting.,
HoodPump,launchpad,@hoodpump_fun,launchpad,,Small launchpad,2026-07-16,low,launchpad,Token launch rail,Token launch rail,"Small launchpad|Landscape role: Token launch rail. Permissionless token launch rail — useful for understanding deploy volume, not as investment advice.|Hoodscape is orientation only — verify primary docs, contracts, and eligibility before interacting. NFA.",community,"NOXA Fun,Pons,Flap",Launch rails concentrate contract and approval risk; verify before interacting.,
ArrowPad,launchpad,@RobinArrowPad,launchpad,,Small launchpad,2026-07-16,low,launchpad,Token launch rail,Token launch rail,"Small launchpad|Landscape role: Token launch rail. Permissionless token launch rail — useful for understanding deploy volume, not as investment advice.|Hoodscape is orientation only — verify primary docs, contracts, and eligibility before interacting. NFA.",community,"NOXA Fun,Pons,Flap",Launch rails concentrate contract and approval risk; verify before interacting.,
Virtuals,agent,@virtuals_io,agent,,Agent launch platform cited in eco maps,2026-07-16,medium,agents,Agent launch platform,Agent launch platform frequently cited in RH Chain agentic / AI layer maps.,Agents are a core official narrative (“AI-native” chain). Virtuals-class platforms are where much of the agent token surface appears.|Agent volume is not the same as RWA product-market fit.,live,"RobiNode,Robinhood Crypto,NOXA Fun",Agent tokens are often highly speculative; treat as noise/attention unless proven utility.,
RobiNode,builder,@robinodexyz,agent,,Stock-token routing; listed≠liquid,2026-07-16,medium,agents,Agent layer for RWA routes,Builder focusing on agent routing for tokenized stocks — “listed ≠ liquid” in practice.,Useful peer example: multi-protocol routing with sellability checks for stock tokens.|Highlights that brochure listings and actual fillable routes are different products.,community,"Stock Tokens (official),Virtuals,Uniswap",Early builder software; verify before using with size.,
SLVR,noise,@S_L_V_R_FUN,gamified,,Gamified mining; fee print on Llama,2026-07-16,low,noise,Gamified / attention app,Gamified / attention app,"Gamified mining; fee print on Llama|Landscape role: Gamified / attention app. Attention / meme / gamified sample in the early landscape — not complete long-tail coverage.|Hoodscape is orientation only — verify primary docs, contracts, and eligibility before interacting. NFA.",sample only,"Cash Cat,NOXA Fun,HOODZ",Highly speculative attention asset; not a research endorsement.,
Cash Cat,noise,@cashcat_token,meme,,High-visibility native meme,2026-07-16,low,noise,Native meme (attention layer),High-visibility native meme on RH Chain — attention layer sample.,Memes prove distribution and low-friction trading; they do not prove stock-token PMF.|Included so the map shows the volume composition story honestly.,sample only,"NOXA Fun,SLVR,Uniswap",Extreme speculation; can go to zero. Not a recommendation.,
HOODZ,noise,@HOODZRH,gaming,,Gaming project small TVL,2026-07-16,low,noise,Gaming / attention,Gaming / attention,"Gaming project small TVL|Landscape role: Gaming / attention. Attention / meme / gamified sample in the early landscape — not complete long-tail coverage.|Hoodscape is orientation only — verify primary docs, contracts, and eligibility before interacting. NFA.",sample only,"Cash Cat,SLVR,NOXA Fun",Highly speculative attention asset; not a research endorsement.,
News For Robinhood,media,@NewsForRH,data,,Independent RH intel / wallet clusters,2026-07-16,medium,media,Independent ecosystem intel,Independent ecosystem intel,"Independent RH intel / wallet clusters|Landscape role: Independent ecosystem intel. Research or data voice useful for orientation (usually secondary unless primary-sourced).|Hoodscape is orientation only — verify primary docs, contracts, and eligibility before interacting. NFA.",sample only,"The DeFi Edge,Tom Wan,DefiLlama RH Chain",Secondary commentary can be wrong or late — prefer primary sources.,
The DeFi Edge,media,@thedefiedge,data,,Research; memes vs RWA fork framing,2026-07-16,high,media,DeFi research / curation,Mid-tier research/curation account that framed RH’s memes-vs-RWA fork clearly.,Useful for secondary landscape framing and reading lists.|Still secondary to official docs and onchain data.,sample only,"Tom Wan,Jon Ma,DefiLlama RH Chain",Editorial takes can be incomplete — verify numbers.,
Tom Wan,media,@tomwanhh,data,,Entropy Advisors; launchpad deploy ranks,2026-07-16,high,media,Onchain data research,Onchain data research,"Entropy Advisors; launchpad deploy ranks|Landscape role: Onchain data research. Research or data voice useful for orientation (usually secondary unless primary-sourced).|Hoodscape is orientation only — verify primary docs, contracts, and eligibility before interacting. NFA.",sample only,"The DeFi Edge,DefiLlama RH Chain,Jon Ma",Secondary commentary can be wrong or late — prefer primary sources.,
Jon Ma,media,@jonbma,data,,Artemis; product thesis letters,2026-07-16,high,media,Macro / product research,Macro / product research,"Artemis; product thesis letters|Landscape role: Macro / product research. Research or data voice useful for orientation (usually secondary unless primary-sourced).|Hoodscape is orientation only — verify primary docs, contracts, and eligibility before interacting. NFA.",sample only,"The DeFi Edge,Tom Wan,DefiLlama RH Chain",Secondary commentary can be wrong or late — prefer primary sources.,
Eli5DeFi,media,@Eli5defi,data,,Visual explainers; RWA+meme barbell,2026-07-16,medium,media,Visual research explainers,Visual research explainers,"Visual explainers; RWA+meme barbell|Landscape role: Visual research explainers. Research or data voice useful for orientation (usually secondary unless primary-sourced).|Hoodscape is orientation only — verify primary docs, contracts, and eligibility before interacting. NFA.",sample only,"The DeFi Edge,Tom Wan,DefiLlama RH Chain",Secondary commentary can be wrong or late — prefer primary sources.,
DefiLlama RH Chain,media,,data,https://defillama.com/chain/robinhood-chain,Primary public metrics (chainId 4663),2026-07-16,high,media,TVL / volume / fees dashboard,TVL / volume / fees dashboard,"Primary public metrics (chainId 4663)|Landscape role: TVL / volume / fees dashboard. Research or data voice useful for orientation (usually secondary unless primary-sourced).|Hoodscape is orientation only — verify primary docs, contracts, and eligibility before interacting. NFA.",sample only,"The DeFi Edge,Tom Wan,Jon Ma",Secondary commentary can be wrong or late — prefer primary sources.,https://defillama.com/chain/robinhood-chain|Primary
